date,symbol,security,client,side,quantity,price,registry_match
06-OCT-2026,AAATECH,AAA Technologies Limited,OTHER,BUY,67268,103.55,
06-OCT-2026,AHCL,Anlon Healthcare Limited,OTHER,BUY,5858505,29.70,
06-OCT-2026,ARIS,Arisinfra Solutions Ltd,OTHER,BUY,495813,143.53,
06-OCT-2026,ARMEE,ArMee Infotech Limited,OTHER,BUY,150548,272.44,
06-OCT-2026,AXIOMGAS,Axiom Gas Engineering Ltd,OTHER,BUY,238000,39.94,
06-OCT-2026,DEEPA,Deepa Jewellers Limited,OTHER,BUY,483333,208.84,
06-OCT-2026,DELTACORP,Delta Corp Limited,OTHER,BUY,2199013,85.50,
06-OCT-2026,DELTACORP,Delta Corp Limited,OTHER,BUY,2797167,84.96,
06-OCT-2026,DELTACORP,Delta Corp Limited,OTHER,BUY,2858395,85.41,
06-OCT-2026,DELTACORP,Delta Corp Limited,OTHER,BUY,3626597,84.82,
06-OCT-2026,DELTACORP,Delta Corp Limited,OTHER,BUY,1593456,85.96,
06-OCT-2026,DHTL,Docmode Health Tech Ltd,OTHER,BUY,20000,24.55,
06-OCT-2026,DPWIRES,D P Wires Limited,OTHER,BUY,129000,223.58,
06-OCT-2026,DPWIRES,D P Wires Limited,OTHER,BUY,94756,221.52,
06-OCT-2026,EMPOWER,Empower India Ltd.,OTHER,BUY,5886222,1.69,
06-OCT-2026,ENVIRO,Envirotech Systems Ltd,OTHER,BUY,100000,71.00,
06-OCT-2026,FEDDERSHOL,Fedders Holding Ltd.,OTHER,BUY,3329390,66.23,
06-OCT-2026,FEDDERSHOL,Fedders Holding Ltd.,OTHER,BUY,2813119,67.80,
06-OCT-2026,FEDDERSHOL,Fedders Holding Ltd.,OTHER,BUY,3554160,67.43,
06-OCT-2026,FEDDERSHOL,Fedders Holding Ltd.,OTHER,BUY,1669621,69.52,
06-OCT-2026,FEDDERSHOL,Fedders Holding Ltd.,OTHER,BUY,1288856,72.39,
06-OCT-2026,FEDDERSHOL,Fedders Holding Ltd.,OTHER,BUY,4126844,67.05,
06-OCT-2026,FEDDERSHOL,Fedders Holding Ltd.,OTHER,BUY,1808692,68.55,
06-OCT-2026,GANESHBE,Ganesh Benzoplast Limited,OTHER,BUY,450000,112.28,
06-OCT-2026,HEROMOTORS,Hero Motors Limited,OTHER,BUY,3233905,166.19,
06-OCT-2026,HEROMOTORS,Hero Motors Limited,OTHER,BUY,2896375,167.17,
06-OCT-2026,HIMALAYAN,Himalayan Solar Limited,OTHER,BUY,380400,82.73,
06-OCT-2026,INNOMET,Innomet Advanced Materi L,OTHER,BUY,150000,275.00,
06-OCT-2026,KANOHAR,Kanohar Electricals Ltd,OTHER,BUY,749066,983.95,
06-OCT-2026,KANOHAR,Kanohar Electricals Ltd,OTHER,BUY,513765,991.31,
06-OCT-2026,KANOHAR,Kanohar Electricals Ltd,OTHER,BUY,446476,971.42,
06-OCT-2026,KANOHAR,Kanohar Electricals Ltd,OTHER,BUY,398739,987.33,
06-OCT-2026,KRISHNADEF,Krishna Def and Ald Ind L,OTHER,BUY,85141,1270.35,
06-OCT-2026,KRISHNADEF,Krishna Def and Ald Ind L,OTHER,BUY,75310,1273.59,
06-OCT-2026,KSHITIJPOL,Kshitij Polyline Limited,OTHER,BUY,9333257,3.62,
06-OCT-2026,KSHITIJPOL,Kshitij Polyline Limited,OTHER,BUY,4856558,3.60,
06-OCT-2026,MANIKA,Manika Plastech Limited,OTHER,BUY,703081,51.40,
06-OCT-2026,MOBIKWIK,One Mobikwik Systems Ltd,OTHER,BUY,1073277,231.53,
06-OCT-2026,MOBIKWIK,One Mobikwik Systems Ltd,OTHER,BUY,1654925,226.45,
06-OCT-2026,MOBIKWIK,One Mobikwik Systems Ltd,OTHER,BUY,441365,227.67,
06-OCT-2026,MOBIKWIK,One Mobikwik Systems Ltd,OTHER,BUY,911624,227.08,
06-OCT-2026,MOBIKWIK,One Mobikwik Systems Ltd,OTHER,BUY,307401,228.79,
06-OCT-2026,MOBIKWIK,One Mobikwik Systems Ltd,OTHER,BUY,680757,228.87,
06-OCT-2026,MOBIKWIK,One Mobikwik Systems Ltd,OTHER,BUY,1285002,228.29,
06-OCT-2026,MOBIKWIK,One Mobikwik Systems Ltd,OTHER,BUY,1951760,229.42,
06-OCT-2026,MOBIKWIK,One Mobikwik Systems Ltd,OTHER,BUY,940164,229.23,
06-OCT-2026,MOBIKWIK,One Mobikwik Systems Ltd,OTHER,BUY,667796,232.66,
06-OCT-2026,MOBIKWIK,One Mobikwik Systems Ltd,OTHER,BUY,610891,234.49,
06-OCT-2026,MOBIKWIK,One Mobikwik Systems Ltd,OTHER,BUY,775936,228.09,
06-OCT-2026,MOBIKWIK,One Mobikwik Systems Ltd,OTHER,BUY,534706,228.95,
06-OCT-2026,MOBIKWIK,One Mobikwik Systems Ltd,OTHER,BUY,498022,228.47,
06-OCT-2026,MOBIKWIK,One Mobikwik Systems Ltd,OTHER,BUY,468751,226.45,
06-OCT-2026,MOBIKWIK,One Mobikwik Systems Ltd,OTHER,BUY,550000,240.85,
06-OCT-2026,MOBIKWIK,One Mobikwik Systems Ltd,OTHER,BUY,472733,239.95,
06-OCT-2026,MOBIKWIK,One Mobikwik Systems Ltd,OTHER,BUY,431665,227.86,
06-OCT-2026,MOBIKWIK,One Mobikwik Systems Ltd,OTHER,BUY,610660,242.13,
06-OCT-2026,MOBIKWIK,One Mobikwik Systems Ltd,OTHER,BUY,576124,242.04,
06-OCT-2026,MOBIKWIK,One Mobikwik Systems Ltd,OTHER,BUY,1005029,229.56,
06-OCT-2026,MOBIKWIK,One Mobikwik Systems Ltd,OTHER,BUY,1563627,228.14,
06-OCT-2026,MPEL,Manas Polymer N Energie L,OTHER,BUY,728000,22.75,
06-OCT-2026,MPEL,Manas Polymer N Energie L,OTHER,BUY,438400,22.75,
06-OCT-2026,MPEL,Manas Polymer N Energie L,OTHER,BUY,436800,22.75,
06-OCT-2026,MPEL,Manas Polymer N Energie L,OTHER,BUY,219200,22.75,
06-OCT-2026,MVELECTRO,MV Electrosystems Limited,OTHER,BUY,246663,946.38,
06-OCT-2026,MVELECTRO,MV Electrosystems Limited,OTHER,BUY,103248,945.69,
06-OCT-2026,MVELECTRO,MV Electrosystems Limited,OTHER,BUY,182181,945.01,
06-OCT-2026,MVELECTRO,MV Electrosystems Limited,OTHER,BUY,248209,945.25,
06-OCT-2026,ORIENTCABL,Orient Cables (India) Ltd,OTHER,BUY,865987,365.24,
06-OCT-2026,ORIENTCABL,Orient Cables (India) Ltd,OTHER,BUY,926331,367.35,
06-OCT-2026,ORIENTCABL,Orient Cables (India) Ltd,OTHER,BUY,645005,367.10,
06-OCT-2026,PARTY-RE,Party Cruisers Ltd,OTHER,BUY,49800,0.30,
06-OCT-2026,PARTY-RE,Party Cruisers Ltd,OTHER,BUY,18260,0.30,
06-OCT-2026,PARTY-RE,Party Cruisers Ltd,OTHER,BUY,35856,0.30,
06-OCT-2026,PARTY-RE,Party Cruisers Ltd,OTHER,BUY,16600,0.30,
06-OCT-2026,PARTY-RE,Party Cruisers Ltd,OTHER,BUY,19920,0.30,
06-OCT-2026,PARTY-RE,Party Cruisers Ltd,OTHER,BUY,55610,0.30,
06-OCT-2026,PARTY-RE,Party Cruisers Ltd,OTHER,BUY,49800,0.30,
06-OCT-2026,PARTY-RE,Party Cruisers Ltd,OTHER,BUY,16600,0.30,
06-OCT-2026,PARTY-RE,Party Cruisers Ltd,OTHER,BUY,49800,0.30,
06-OCT-2026,PARTY-RE,Party Cruisers Ltd,OTHER,BUY,49800,0.30,
06-OCT-2026,RHETAN,Rhetan TMT Limited,OTHER,BUY,6960259,15.90,
06-OCT-2026,RMC,RMC Switchgears Limited,OTHER,BUY,86750,195.93,
06-OCT-2026,SBC,SBC Exports Limited,OTHER,BUY,2036090,62.05,
06-OCT-2026,SBC,SBC Exports Limited,OTHER,BUY,2904051,61.99,
06-OCT-2026,SHAHINVEST,Shah Investors Home Ltd,OTHER,BUY,295000,171.00,
06-OCT-2026,SHAHINVEST,Shah Investors Home Ltd,OTHER,BUY,285000,171.00,
06-OCT-2026,SHAHINVEST,Shah Investors Home Ltd,OTHER,BUY,190000,171.00,
06-OCT-2026,SHANTIGOLD,Shanti Gold Internation L,OTHER,BUY,332281,330.34,
06-OCT-2026,SHANTIINOR,Shanti Inorganics Limited,OTHER,BUY,144000,201.65,
06-OCT-2026,SHANTIINOR,Shanti Inorganics Limited,OTHER,BUY,144000,201.65,
06-OCT-2026,SMCGLOBAL,SMC Global Securities Ltd,OTHER,BUY,3128664,111.34,
06-OCT-2026,SMCGLOBAL,SMC Global Securities Ltd,OTHER,BUY,1123422,112.58,
06-OCT-2026,SMCGLOBAL,SMC Global Securities Ltd,OTHER,BUY,1668451,111.97,
06-OCT-2026,SMCGLOBAL,SMC Global Securities Ltd,OTHER,BUY,1310341,112.68,
06-OCT-2026,SRIT,SRIT India Limited,OTHER,BUY,500000,148.00,
06-OCT-2026,SRIT,SRIT India Limited,OTHER,BUY,330000,152.94,
06-OCT-2026,SSRETAIL,SS Retail Limited,OTHER,BUY,647867,703.61,
06-OCT-2026,SSRETAIL,SS Retail Limited,OTHER,BUY,555169,701.94,
06-OCT-2026,SSRETAIL,SS Retail Limited,OTHER,BUY,537075,699.50,
06-OCT-2026,SSRETAIL,SS Retail Limited,OTHER,BUY,549432,709.36,
06-OCT-2026,SSRETAIL,SS Retail Limited,OTHER,BUY,374109,699.05,
06-OCT-2026,SSRETAIL,SS Retail Limited,OTHER,BUY,533795,695.93,
06-OCT-2026,SUNSHINE,Sunshine Pictures Limited,OTHER,BUY,317636,451.95,
06-OCT-2026,TEMBO,Tembo Global Ind Ltd,OTHER,BUY,1155179,58.26,
06-OCT-2026,VINOD,Vinod Texworld Limited,OTHER,BUY,102000,41.25,
06-OCT-2026,VINOD,Vinod Texworld Limited,OTHER,BUY,517200,41.25,
06-OCT-2026,VINOD,Vinod Texworld Limited,OTHER,BUY,85200,41.25,
06-OCT-2026,AAATECH,AAA Technologies Limited,OTHER,SELL,130000,103.31,
06-OCT-2026,AAATECH,AAA Technologies Limited,OTHER,SELL,67268,103.58,
06-OCT-2026,AHCL,Anlon Healthcare Limited,OTHER,SELL,1421173,29.76,
06-OCT-2026,ARIS,Arisinfra Solutions Ltd,OTHER,SELL,495813,143.94,
06-OCT-2026,ARMEE,ArMee Infotech Limited,OTHER,SELL,162115,270.87,
06-OCT-2026,DEEPA,Deepa Jewellers Limited,OTHER,SELL,528397,209.03,
06-OCT-2026,DELTACORP,Delta Corp Limited,OTHER,SELL,1593455,86.00,
06-OCT-2026,DELTACORP,Delta Corp Limited,OTHER,SELL,2806691,85.29,
06-OCT-2026,DELTACORP,Delta Corp Limited,OTHER,SELL,3913527,85.26,
06-OCT-2026,DELTACORP,Delta Corp Limited,OTHER,SELL,2199013,85.52,
06-OCT-2026,DELTACORP,Delta Corp Limited,OTHER,SELL,2882870,85.47,
06-OCT-2026,DHTL,Docmode Health Tech Ltd,OTHER,SELL,24000,24.39,
06-OCT-2026,DPWIRES,D P Wires Limited,OTHER,SELL,94756,221.85,
06-OCT-2026,DPWIRES,D P Wires Limited,OTHER,SELL,60021,227.57,
06-OCT-2026,ENVIRO,Envirotech Systems Ltd,OTHER,SELL,100000,71.00,
06-OCT-2026,FEDDERSHOL,Fedders Holding Ltd.,OTHER,SELL,1808692,69.03,
06-OCT-2026,FEDDERSHOL,Fedders Holding Ltd.,OTHER,SELL,1667968,69.50,
06-OCT-2026,FEDDERSHOL,Fedders Holding Ltd.,OTHER,SELL,4126844,69.77,
06-OCT-2026,FEDDERSHOL,Fedders Holding Ltd.,OTHER,SELL,2976719,67.57,
06-OCT-2026,FEDDERSHOL,Fedders Holding Ltd.,OTHER,SELL,3714109,67.26,
06-OCT-2026,FEDDERSHOL,Fedders Holding Ltd.,OTHER,SELL,3329390,65.40,
06-OCT-2026,FEDDERSHOL,Fedders Holding Ltd.,OTHER,SELL,1276120,72.07,
06-OCT-2026,GENSOL,Gensol Engineering Ltd,OTHER,SELL,222570,12.36,
06-OCT-2026,HEROMOTORS,Hero Motors Limited,OTHER,SELL,3233905,166.26,
06-OCT-2026,HEROMOTORS,Hero Motors Limited,OTHER,SELL,2896375,166.03,
06-OCT-2026,INFOLLION,Infollion Research Ser L,OTHER,SELL,54400,163.04,
06-OCT-2026,INNOMET,Innomet Advanced Materi L,OTHER,SELL,150000,275.00,
06-OCT-2026,KANOHAR,Kanohar Electricals Ltd,OTHER,SELL,398739,990.46,
06-OCT-2026,KANOHAR,Kanohar Electricals Ltd,OTHER,SELL,513765,991.55,
06-OCT-2026,KANOHAR,Kanohar Electricals Ltd,OTHER,SELL,721805,992.70,
06-OCT-2026,KANOHAR,Kanohar Electricals Ltd,OTHER,SELL,441111,995.57,
06-OCT-2026,KRISHNADEF,Krishna Def and Ald Ind L,OTHER,SELL,75310,1273.51,
06-OCT-2026,KRISHNADEF,Krishna Def and Ald Ind L,OTHER,SELL,85141,1271.17,
06-OCT-2026,KSHITIJPOL,Kshitij Polyline Limited,OTHER,SELL,1182971,3.57,
06-OCT-2026,KSHITIJPOL,Kshitij Polyline Limited,OTHER,SELL,1182971,3.57,
06-OCT-2026,KSHITIJPOL,Kshitij Polyline Limited,OTHER,SELL,1182971,3.57,
06-OCT-2026,KSHITIJPOL,Kshitij Polyline Limited,OTHER,SELL,1182971,3.58,
06-OCT-2026,KSHITIJPOL,Kshitij Polyline Limited,OTHER,SELL,3355281,3.93,
06-OCT-2026,MANIKA,Manika Plastech Limited,OTHER,SELL,413493,51.31,
06-OCT-2026,MOBIKWIK,One Mobikwik Systems Ltd,OTHER,SELL,735936,227.79,
06-OCT-2026,MOBIKWIK,One Mobikwik Systems Ltd,OTHER,SELL,534706,229.07,
06-OCT-2026,MOBIKWIK,One Mobikwik Systems Ltd,OTHER,SELL,498022,228.60,
06-OCT-2026,MOBIKWIK,One Mobikwik Systems Ltd,OTHER,SELL,468751,226.40,
06-OCT-2026,MOBIKWIK,One Mobikwik Systems Ltd,OTHER,SELL,350000,241.76,
06-OCT-2026,MOBIKWIK,One Mobikwik Systems Ltd,OTHER,SELL,440312,238.85,
06-OCT-2026,MOBIKWIK,One Mobikwik Systems Ltd,OTHER,SELL,700000,236.49,
06-OCT-2026,MOBIKWIK,One Mobikwik Systems Ltd,OTHER,SELL,540350,242.14,
06-OCT-2026,MOBIKWIK,One Mobikwik Systems Ltd,OTHER,SELL,575753,241.71,
06-OCT-2026,MOBIKWIK,One Mobikwik Systems Ltd,OTHER,SELL,1009744,229.78,
06-OCT-2026,MOBIKWIK,One Mobikwik Systems Ltd,OTHER,SELL,1563627,228.86,
06-OCT-2026,MOBIKWIK,One Mobikwik Systems Ltd,OTHER,SELL,586900,228.07,
06-OCT-2026,MOBIKWIK,One Mobikwik Systems Ltd,OTHER,SELL,1727744,228.69,
06-OCT-2026,MOBIKWIK,One Mobikwik Systems Ltd,OTHER,SELL,424413,227.40,
06-OCT-2026,MOBIKWIK,One Mobikwik Systems Ltd,OTHER,SELL,810823,227.48,
06-OCT-2026,MOBIKWIK,One Mobikwik Systems Ltd,OTHER,SELL,628000,230.33,
06-OCT-2026,MOBIKWIK,One Mobikwik Systems Ltd,OTHER,SELL,680757,228.93,
06-OCT-2026,MOBIKWIK,One Mobikwik Systems Ltd,OTHER,SELL,1310412,228.54,
06-OCT-2026,MOBIKWIK,One Mobikwik Systems Ltd,OTHER,SELL,1951760,229.64,
06-OCT-2026,MOBIKWIK,One Mobikwik Systems Ltd,OTHER,SELL,940164,229.33,
06-OCT-2026,MOBIKWIK,One Mobikwik Systems Ltd,OTHER,SELL,477930,230.63,
06-OCT-2026,MOBIKWIK,One Mobikwik Systems Ltd,OTHER,SELL,570881,233.29,
06-OCT-2026,MPEL,Manas Polymer N Energie L,OTHER,SELL,120000,22.75,
06-OCT-2026,MPEL,Manas Polymer N Energie L,OTHER,SELL,134400,22.75,
06-OCT-2026,MPEL,Manas Polymer N Energie L,OTHER,SELL,504000,23.11,
06-OCT-2026,MPEL,Manas Polymer N Energie L,OTHER,SELL,739200,22.75,
06-OCT-2026,MPEL,Manas Polymer N Energie L,OTHER,SELL,422400,22.75,
06-OCT-2026,MVELECTRO,MV Electrosystems Limited,OTHER,SELL,143248,946.63,
06-OCT-2026,MVELECTRO,MV Electrosystems Limited,OTHER,SELL,182181,945.56,
06-OCT-2026,MVELECTRO,MV Electrosystems Limited,OTHER,SELL,249357,942.31,
06-OCT-2026,MVELECTRO,MV Electrosystems Limited,OTHER,SELL,253424,945.79,
06-OCT-2026,ORIENTCABL,Orient Cables (India) Ltd,OTHER,SELL,607268,370.91,
06-OCT-2026,ORIENTCABL,Orient Cables (India) Ltd,OTHER,SELL,851148,369.82,
06-OCT-2026,ORIENTCABL,Orient Cables (India) Ltd,OTHER,SELL,844325,369.08,
06-OCT-2026,PARTY-RE,Party Cruisers Ltd,OTHER,SELL,361880,0.30,
06-OCT-2026,RHETAN,Rhetan TMT Limited,OTHER,SELL,6460259,16.60,
06-OCT-2026,RMC,RMC Switchgears Limited,OTHER,SELL,86750,195.72,
06-OCT-2026,SATIN,Satin Credit Net Ltd,OTHER,SELL,1454911,208.36,
06-OCT-2026,SBC,SBC Exports Limited,OTHER,SELL,3793253,61.89,
06-OCT-2026,SBC,SBC Exports Limited,OTHER,SELL,2604944,61.88,
06-OCT-2026,SHADOWFAX,Shadowfax Technologies L,OTHER,SELL,4000000,287.00,
06-OCT-2026,SHAHINVEST,Shah Investors Home Ltd,OTHER,SELL,135231,171.00,
06-OCT-2026,SHAHINVEST,Shah Investors Home Ltd,OTHER,SELL,135483,171.00,
06-OCT-2026,SHANTIGOLD,Shanti Gold Internation L,OTHER,SELL,389248,328.51,
06-OCT-2026,SHANTIINOR,Shanti Inorganics Limited,OTHER,SELL,300800,201.65,
06-OCT-2026,SMCGLOBAL,SMC Global Securities Ltd,OTHER,SELL,3032565,111.89,
06-OCT-2026,SMCGLOBAL,SMC Global Securities Ltd,OTHER,SELL,1310341,112.68,
06-OCT-2026,SMCGLOBAL,SMC Global Securities Ltd,OTHER,SELL,988968,111.67,
06-OCT-2026,SMCGLOBAL,SMC Global Securities Ltd,OTHER,SELL,1598719,111.55,
06-OCT-2026,SSRETAIL,SS Retail Limited,OTHER,SELL,555169,702.76,
06-OCT-2026,SSRETAIL,SS Retail Limited,OTHER,SELL,533795,696.29,
06-OCT-2026,SSRETAIL,SS Retail Limited,OTHER,SELL,370355,699.91,
06-OCT-2026,SSRETAIL,SS Retail Limited,OTHER,SELL,537075,700.13,
06-OCT-2026,SSRETAIL,SS Retail Limited,OTHER,SELL,549432,696.94,
06-OCT-2026,SSRETAIL,SS Retail Limited,OTHER,SELL,647867,706.93,
06-OCT-2026,SUNSHINE,Sunshine Pictures Limited,OTHER,SELL,317636,455.80,
06-OCT-2026,SWASTIKAIN,Swastika Infra Limited,OTHER,SELL,200000,199.19,
06-OCT-2026,TEMBO,Tembo Global Ind Ltd,OTHER,SELL,1155179,58.05,
06-OCT-2026,VINOD,Vinod Texworld Limited,OTHER,SELL,139200,41.42,
06-OCT-2026,VINOD,Vinod Texworld Limited,OTHER,SELL,410400,41.25,
06-OCT-2026,WANBURY,Wanbury Limited,OTHER,SELL,197146,199.95,
07-OCT-2026,AAREYDRUGS,Aarey Drugs & Pharm Ltd,OTHER,BUY,181007,109.00,
07-OCT-2026,ACEVECTOR,AceVector Limited,OTHER,BUY,3045592,28.83,
07-OCT-2026,ACEVECTOR,AceVector Limited,OTHER,BUY,6163603,30.07,
07-OCT-2026,DEEPA,Deepa Jewellers Limited,OTHER,BUY,1203243,231.87,
07-OCT-2026,DEEPA,Deepa Jewellers Limited,OTHER,BUY,638942,233.04,
07-OCT-2026,DEEPA,Deepa Jewellers Limited,OTHER,BUY,608096,232.46,
07-OCT-2026,DEEPA,Deepa Jewellers Limited,OTHER,BUY,1091527,232.73,
07-OCT-2026,DEEPA,Deepa Jewellers Limited,OTHER,BUY,560493,231.17,
07-OCT-2026,DHABRIYA,Dhabriya Polywood Ltd.,OTHER,BUY,78815,477.05,
07-OCT-2026,DHANBANK,Dhanlaxmi Bank Limited,OTHER,BUY,2417001,32.23,
07-OCT-2026,DHTL,Docmode Health Tech Ltd,OTHER,BUY,16000,23.50,
07-OCT-2026,FASCINATE,Fascinate Textiles Ltd,OTHER,BUY,100000,85.50,
07-OCT-2026,GANESHBE,Ganesh Benzoplast Limited,OTHER,BUY,424950,115.12,
07-OCT-2026,GKSL,Gujarat Kidney N Sup Sp L,OTHER,BUY,471148,188.97,
07-OCT-2026,GLASSWALL,Glass Wall System (I) Ltd,OTHER,BUY,535191,260.42,
07-OCT-2026,GLASSWALL,Glass Wall System (I) Ltd,OTHER,BUY,581573,262.52,
07-OCT-2026,GREENASIA,Green Asia Impex Limited,OTHER,BUY,656000,89.00,
07-OCT-2026,GREENASIA,Green Asia Impex Limited,OTHER,BUY,480000,89.00,
07-OCT-2026,GSMFOILS,GSM Foils Limited,OTHER,BUY,139500,66.85,
07-OCT-2026,GSMFOILS,GSM Foils Limited,OTHER,BUY,109000,66.82,
07-OCT-2026,HEROMOTORS,Hero Motors Limited,OTHER,BUY,3531533,170.96,
07-OCT-2026,HTEL,Hy-Tech Engineers Limited,OTHER,BUY,696734,83.18,
07-OCT-2026,HTEL,Hy-Tech Engineers Limited,OTHER,BUY,524249,82.31,
07-OCT-2026,HTEL,Hy-Tech Engineers Limited,OTHER,BUY,515887,83.43,
07-OCT-2026,INDIAGLYCO,India Glycols Ltd,OTHER,BUY,370090,358.41,
07-OCT-2026,INDIAGLYCO,India Glycols Ltd,OTHER,BUY,367554,357.71,
07-OCT-2026,KANOHAR,Kanohar Electricals Ltd,OTHER,BUY,411348,1082.64,
07-OCT-2026,KANOHAR,Kanohar Electricals Ltd,OTHER,BUY,605489,1073.48,
07-OCT-2026,KANOHAR,Kanohar Electricals Ltd,OTHER,BUY,429485,1076.94,
07-OCT-2026,KANOHAR,Kanohar Electricals Ltd,OTHER,BUY,435541,1081.20,
07-OCT-2026,KANOHAR,Kanohar Electricals Ltd,OTHER,BUY,637676,1080.86,
07-OCT-2026,KANOHAR,Kanohar Electricals Ltd,OTHER,BUY,791336,1068.08,
07-OCT-2026,KANOHAR,Kanohar Electricals Ltd,OTHER,BUY,877507,1074.47,
07-OCT-2026,KANOHAR,Kanohar Electricals Ltd,OTHER,BUY,459659,1072.84,
07-OCT-2026,KSHITIJPOL,Kshitij Polyline Limited,OTHER,BUY,367424,3.82,
07-OCT-2026,KSHITIJPOL,Kshitij Polyline Limited,OTHER,BUY,2201000,3.81,
07-OCT-2026,MANIKA,Manika Plastech Limited,OTHER,BUY,3147703,56.09,
07-OCT-2026,MANIKA,Manika Plastech Limited,OTHER,BUY,1003321,54.13,
07-OCT-2026,MANIKA,Manika Plastech Limited,OTHER,BUY,942829,54.61,
07-OCT-2026,MARSONS,Marsons Limited,OTHER,BUY,903113,131.87,
07-OCT-2026,MARSONS,Marsons Limited,OTHER,BUY,2749033,130.52,
07-OCT-2026,MBEL,M and B Engineering Ltd,OTHER,BUY,362337,289.79,
07-OCT-2026,MBEL,M and B Engineering Ltd,OTHER,BUY,385937,287.95,
07-OCT-2026,MOBIKWIK,One Mobikwik Systems Ltd,OTHER,BUY,3121266,257.19,
07-OCT-2026,MOBIKWIK,One Mobikwik Systems Ltd,OTHER,BUY,401978,256.66,
07-OCT-2026,MOBIKWIK,One Mobikwik Systems Ltd,OTHER,BUY,1861632,257.27,
07-OCT-2026,MOBIKWIK,One Mobikwik Systems Ltd,OTHER,BUY,564742,255.17,
07-OCT-2026,MOBIKWIK,One Mobikwik Systems Ltd,OTHER,BUY,627410,260.90,
07-OCT-2026,MOBIKWIK,One Mobikwik Systems Ltd,OTHER,BUY,904847,256.98,
07-OCT-2026,MOBIKWIK,One Mobikwik Systems Ltd,OTHER,BUY,1403260,257.30,
07-OCT-2026,MOBIKWIK,One Mobikwik Systems Ltd,OTHER,BUY,1936897,257.69,
07-OCT-2026,MOBIKWIK,One Mobikwik Systems Ltd,OTHER,BUY,1995311,256.83,
07-OCT-2026,MOBIKWIK,One Mobikwik Systems Ltd,OTHER,BUY,537594,259.18,
07-OCT-2026,MOBIKWIK,One Mobikwik Systems Ltd,OTHER,BUY,476529,256.59,
07-OCT-2026,MOBIKWIK,One Mobikwik Systems Ltd,OTHER,BUY,820523,258.40,
07-OCT-2026,MOBIKWIK,One Mobikwik Systems Ltd,OTHER,BUY,702043,258.01,
07-OCT-2026,MOBIKWIK,One Mobikwik Systems Ltd,OTHER,BUY,1598288,257.40,
07-OCT-2026,MOBIKWIK,One Mobikwik Systems Ltd,OTHER,BUY,427491,256.99,
07-OCT-2026,MOBIKWIK,One Mobikwik Systems Ltd,OTHER,BUY,901097,257.51,
07-OCT-2026,MOBIKWIK,One Mobikwik Systems Ltd,OTHER,BUY,705053,257.22,
07-OCT-2026,MOBIKWIK,One Mobikwik Systems Ltd,OTHER,BUY,477438,257.13,
07-OCT-2026,MOBIKWIK,One Mobikwik Systems Ltd,OTHER,BUY,391050,259.40,
07-OCT-2026,MOBIKWIK,One Mobikwik Systems Ltd,OTHER,BUY,700000,260.01,
07-OCT-2026,MOBIKWIK,One Mobikwik Systems Ltd,OTHER,BUY,1638763,258.29,
07-OCT-2026,MOBIKWIK,One Mobikwik Systems Ltd,OTHER,BUY,2724624,257.30,
07-OCT-2026,MOBIKWIK,One Mobikwik Systems Ltd,OTHER,BUY,2112210,259.25,
07-OCT-2026,MONEYVIEW,Moneyview Limited,OTHER,BUY,10870323,56.54,
07-OCT-2026,MONEYVIEW,Moneyview Limited,OTHER,BUY,11601051,55.71,
07-OCT-2026,MONEYVIEW,Moneyview Limited,OTHER,BUY,19328196,55.61,
07-OCT-2026,MONEYVIEW,Moneyview Limited,OTHER,BUY,13994299,55.49,
07-OCT-2026,MONEYVIEW,Moneyview Limited,OTHER,BUY,11288188,55.82,
07-OCT-2026,MONEYVIEW,Moneyview Limited,OTHER,BUY,8937278,56.11,
07-OCT-2026,MPEL,Manas Polymer N Energie L,OTHER,BUY,260800,22.55,
07-OCT-2026,MPEL,Manas Polymer N Energie L,OTHER,BUY,201600,22.55,
07-OCT-2026,MPEL,Manas Polymer N Energie L,OTHER,BUY,168000,23.33,
07-OCT-2026,MPEL,Manas Polymer N Energie L,OTHER,BUY,118400,22.58,
07-OCT-2026,MPEL,Manas Polymer N Energie L,OTHER,BUY,320000,22.56,
07-OCT-2026,MPEL,Manas Polymer N Energie L,OTHER,BUY,260800,22.55,
07-OCT-2026,MYMUDRA,My Mudra Fincorp Limited,OTHER,BUY,90000,90.93,
07-OCT-2026,ORIENTTECH,Orient Technologies Ltd,OTHER,BUY,583976,250.02,
07-OCT-2026,ORIENTTECH,Orient Technologies Ltd,OTHER,BUY,463350,249.09,
07-OCT-2026,ORIENTTECH,Orient Technologies Ltd,OTHER,BUY,365721,249.40,
07-OCT-2026,ORIENTTECH,Orient Technologies Ltd,OTHER,BUY,394521,250.48,
07-OCT-2026,ORIENTTECH,Orient Technologies Ltd,OTHER,BUY,398168,249.24,
07-OCT-2026,ORIENTTECH,Orient Technologies Ltd,OTHER,BUY,236114,248.91,
07-OCT-2026,PAPADMALJI,Papadmalji Agro Foods Ltd,OTHER,BUY,48000,69.12,
07-OCT-2026,PAPADMALJI,Papadmalji Agro Foods Ltd,OTHER,BUY,1027200,72.30,
07-OCT-2026,PAPADMALJI,Papadmalji Agro Foods Ltd,OTHER,BUY,56000,68.70,
07-OCT-2026,PAPADMALJI,Papadmalji Agro Foods Ltd,OTHER,BUY,304000,72.30,
07-OCT-2026,PARTY-RE,Party Cruisers Ltd,OTHER,BUY,20086,0.30,
07-OCT-2026,PARTY-RE,Party Cruisers Ltd,OTHER,BUY,10458,0.35,
07-OCT-2026,PARTY-RE,Party Cruisers Ltd,OTHER,BUY,68060,0.33,
07-OCT-2026,PARTY-RE,Party Cruisers Ltd,OTHER,BUY,33200,0.35,
07-OCT-2026,PARTY-RE,Party Cruisers Ltd,OTHER,BUY,27556,0.30,
07-OCT-2026,PARTY-RE,Party Cruisers Ltd,OTHER,BUY,4150,0.35,
07-OCT-2026,PARTY-RE,Party Cruisers Ltd,OTHER,BUY,33200,0.35,
07-OCT-2026,PARTY-RE,Party Cruisers Ltd,OTHER,BUY,17762,0.33,
07-OCT-2026,PARTY-RE,Party Cruisers Ltd,OTHER,BUY,20086,0.35,
07-OCT-2026,PARTY-RE,Party Cruisers Ltd,OTHER,BUY,28220,0.35,
07-OCT-2026,PNGSREVA,PNGS Reva Diamond Jewel L,OTHER,BUY,200940,612.56,
07-OCT-2026,PNGSREVA,PNGS Reva Diamond Jewel L,OTHER,BUY,164997,619.80,
07-OCT-2026,PRIORITY,Priority Jewels Limited,OTHER,BUY,118934,324.65,
07-OCT-2026,RATNAVEER,Ratnaveer Precision Eng L,OTHER,BUY,1230995,341.53,
07-OCT-2026,RENTOMOJO,Rentomojo Limited,OTHER,BUY,863126,606.24,
07-OCT-2026,RENTOMOJO,Rentomojo Limited,OTHER,BUY,745310,609.09,
07-OCT-2026,SHAHINVEST,Shah Investors Home Ltd,OTHER,BUY,301000,167.00,
07-OCT-2026,SUNSHINE,Sunshine Pictures Limited,OTHER,BUY,22897,450.31,
07-OCT-2026,VEEGALAND,Veegaland Developers Ltd,OTHER,BUY,410226,147.70,
07-OCT-2026,VIJAYPD,Vijaypd Ceutical Limited,OTHER,BUY,114000,92.11,
07-OCT-2026,WALCHANNAG,Walchandnagar Ind. Ltd,OTHER,BUY,377620,223.90,
07-OCT-2026,AAATECH,AAA Technologies Limited,OTHER,SELL,275000,106.33,
07-OCT-2026,AAREYDRUGS,Aarey Drugs & Pharm Ltd,OTHER,SELL,181006,109.00,
07-OCT-2026,ACEVECTOR,AceVector Limited,OTHER,SELL,3217800,29.88,
07-OCT-2026,ACEVECTOR,AceVector Limited,OTHER,SELL,6463406,31.10,
07-OCT-2026,ACEVECTOR,AceVector Limited,OTHER,SELL,2959048,28.63,
07-OCT-2026,DEEPA,Deepa Jewellers Limited,OTHER,SELL,1231207,232.01,
07-OCT-2026,DEEPA,Deepa Jewellers Limited,OTHER,SELL,605634,232.53,
07-OCT-2026,DEEPA,Deepa Jewellers Limited,OTHER,SELL,1091527,232.79,
07-OCT-2026,DEEPA,Deepa Jewellers Limited,OTHER,SELL,638942,233.11,
07-OCT-2026,DEEPA,Deepa Jewellers Limited,OTHER,SELL,556689,231.25,
07-OCT-2026,DHABRIYA,Dhabriya Polywood Ltd.,OTHER,SELL,73817,477.05,
07-OCT-2026,DHTL,Docmode Health Tech Ltd,OTHER,SELL,16000,23.50,
07-OCT-2026,FASCINATE,Fascinate Textiles Ltd,OTHER,SELL,128800,85.50,
07-OCT-2026,GKSL,Gujarat Kidney N Sup Sp L,OTHER,SELL,486148,192.19,
07-OCT-2026,GLASSWALL,Glass Wall System (I) Ltd,OTHER,SELL,523507,261.10,
07-OCT-2026,GLASSWALL,Glass Wall System (I) Ltd,OTHER,SELL,581573,260.52,
07-OCT-2026,GREENASIA,Green Asia Impex Limited,OTHER,SELL,160000,89.00,
07-OCT-2026,GREENASIA,Green Asia Impex Limited,OTHER,SELL,144000,89.00,
07-OCT-2026,GREENASIA,Green Asia Impex Limited,OTHER,SELL,120000,89.00,
07-OCT-2026,GSMFOILS,GSM Foils Limited,OTHER,SELL,92500,66.67,
07-OCT-2026,GSMFOILS,GSM Foils Limited,OTHER,SELL,104500,67.08,
07-OCT-2026,GSMFOILS,GSM Foils Limited,OTHER,SELL,139500,67.14,
07-OCT-2026,HEROMOTORS,Hero Motors Limited,OTHER,SELL,3520642,169.72,
07-OCT-2026,HTEL,Hy-Tech Engineers Limited,OTHER,SELL,529081,83.57,
07-OCT-2026,HTEL,Hy-Tech Engineers Limited,OTHER,SELL,586850,82.66,
07-OCT-2026,HTEL,Hy-Tech Engineers Limited,OTHER,SELL,664664,82.67,
07-OCT-2026,INDIAGLYCO,India Glycols Ltd,OTHER,SELL,370635,358.20,
07-OCT-2026,INDIAGLYCO,India Glycols Ltd,OTHER,SELL,373634,354.96,
07-OCT-2026,JSLL,Jeena Sikho Lifecare Ltd,OTHER,SELL,698490,420.28,
07-OCT-2026,KANOHAR,Kanohar Electricals Ltd,OTHER,SELL,317923,1075.24,
07-OCT-2026,KANOHAR,Kanohar Electricals Ltd,OTHER,SELL,605489,1074.24,
07-OCT-2026,KANOHAR,Kanohar Electricals Ltd,OTHER,SELL,424012,1078.99,
07-OCT-2026,KANOHAR,Kanohar Electricals Ltd,OTHER,SELL,435541,1090.26,
07-OCT-2026,KANOHAR,Kanohar Electricals Ltd,OTHER,SELL,459659,1072.97,
07-OCT-2026,KANOHAR,Kanohar Electricals Ltd,OTHER,SELL,411348,1082.88,
07-OCT-2026,KANOHAR,Kanohar Electricals Ltd,OTHER,SELL,831752,1085.47,
07-OCT-2026,KANOHAR,Kanohar Electricals Ltd,OTHER,SELL,550696,1080.17,
07-OCT-2026,KSHITIJPOL,Kshitij Polyline Limited,OTHER,SELL,3154575,3.82,
07-OCT-2026,KSHITIJPOL,Kshitij Polyline Limited,OTHER,SELL,2154575,3.82,
07-OCT-2026,KSHITIJPOL,Kshitij Polyline Limited,OTHER,SELL,864699,3.82,
07-OCT-2026,KSHITIJPOL,Kshitij Polyline Limited,OTHER,SELL,1509330,3.82,
07-OCT-2026,MANIKA,Manika Plastech Limited,OTHER,SELL,934251,53.77,
07-OCT-2026,MANIKA,Manika Plastech Limited,OTHER,SELL,1003321,54.20,
07-OCT-2026,MANIKA,Manika Plastech Limited,OTHER,SELL,3147703,55.15,
07-OCT-2026,MARSONS,Marsons Limited,OTHER,SELL,910995,130.44,
07-OCT-2026,MARSONS,Marsons Limited,OTHER,SELL,2749033,131.85,
07-OCT-2026,MBEL,M and B Engineering Ltd,OTHER,SELL,385937,288.17,
07-OCT-2026,MBEL,M and B Engineering Ltd,OTHER,SELL,362337,290.28,
07-OCT-2026,MOBIKWIK,One Mobikwik Systems Ltd,OTHER,SELL,443079,259.79,
07-OCT-2026,MOBIKWIK,One Mobikwik Systems Ltd,OTHER,SELL,477438,257.30,
07-OCT-2026,MOBIKWIK,One Mobikwik Systems Ltd,OTHER,SELL,705053,257.40,
07-OCT-2026,MOBIKWIK,One Mobikwik Systems Ltd,OTHER,SELL,901097,257.65,
07-OCT-2026,MOBIKWIK,One Mobikwik Systems Ltd,OTHER,SELL,427491,257.30,
07-OCT-2026,MOBIKWIK,One Mobikwik Systems Ltd,OTHER,SELL,1607583,257.98,
07-OCT-2026,MOBIKWIK,One Mobikwik Systems Ltd,OTHER,SELL,701043,257.74,
07-OCT-2026,MOBIKWIK,One Mobikwik Systems Ltd,OTHER,SELL,854523,258.98,
07-OCT-2026,MOBIKWIK,One Mobikwik Systems Ltd,OTHER,SELL,2724624,257.88,
07-OCT-2026,MOBIKWIK,One Mobikwik Systems Ltd,OTHER,SELL,537594,259.29,
07-OCT-2026,MOBIKWIK,One Mobikwik Systems Ltd,OTHER,SELL,1995311,257.09,
07-OCT-2026,MOBIKWIK,One Mobikwik Systems Ltd,OTHER,SELL,1936897,257.87,
07-OCT-2026,MOBIKWIK,One Mobikwik Systems Ltd,OTHER,SELL,1382407,257.47,
07-OCT-2026,MOBIKWIK,One Mobikwik Systems Ltd,OTHER,SELL,904847,257.06,
07-OCT-2026,MOBIKWIK,One Mobikwik Systems Ltd,OTHER,SELL,607410,258.96,
07-OCT-2026,MOBIKWIK,One Mobikwik Systems Ltd,OTHER,SELL,564742,254.93,
07-OCT-2026,MOBIKWIK,One Mobikwik Systems Ltd,OTHER,SELL,1614354,256.97,
07-OCT-2026,MOBIKWIK,One Mobikwik Systems Ltd,OTHER,SELL,414820,257.26,
07-OCT-2026,MOBIKWIK,One Mobikwik Systems Ltd,OTHER,SELL,3040055,257.68,
07-OCT-2026,MOBIKWIK,One Mobikwik Systems Ltd,OTHER,SELL,812097,257.46,
07-OCT-2026,MOBIKWIK,One Mobikwik Systems Ltd,OTHER,SELL,1638763,258.42,
07-OCT-2026,MOBIKWIK,One Mobikwik Systems Ltd,OTHER,SELL,676969,257.20,
07-OCT-2026,MONEYVIEW,Moneyview Limited,OTHER,SELL,12381209,55.62,
07-OCT-2026,MONEYVIEW,Moneyview Limited,OTHER,SELL,12181434,54.54,
07-OCT-2026,MONEYVIEW,Moneyview Limited,OTHER,SELL,13994299,55.58,
07-OCT-2026,MONEYVIEW,Moneyview Limited,OTHER,SELL,8694554,56.51,
07-OCT-2026,MONEYVIEW,Moneyview Limited,OTHER,SELL,8943843,56.14,
07-OCT-2026,MONEYVIEW,Moneyview Limited,OTHER,SELL,19328196,55.64,
07-OCT-2026,MPEL,Manas Polymer N Energie L,OTHER,SELL,260800,22.55,
07-OCT-2026,MPEL,Manas Polymer N Energie L,OTHER,SELL,361600,22.90,
07-OCT-2026,MPEL,Manas Polymer N Energie L,OTHER,SELL,337600,22.94,
07-OCT-2026,MPEL,Manas Polymer N Energie L,OTHER,SELL,289600,22.55,
07-OCT-2026,MPEL,Manas Polymer N Energie L,OTHER,SELL,260800,22.58,
07-OCT-2026,MPEL,Manas Polymer N Energie L,OTHER,SELL,8000,23.27,
07-OCT-2026,ORIENTTECH,Orient Technologies Ltd,OTHER,SELL,236114,249.26,
07-OCT-2026,ORIENTTECH,Orient Technologies Ltd,OTHER,SELL,365721,249.66,
07-OCT-2026,ORIENTTECH,Orient Technologies Ltd,OTHER,SELL,394521,250.76,
07-OCT-2026,ORIENTTECH,Orient Technologies Ltd,OTHER,SELL,586587,250.29,
07-OCT-2026,ORIENTTECH,Orient Technologies Ltd,OTHER,SELL,463848,249.27,
07-OCT-2026,ORIENTTECH,Orient Technologies Ltd,OTHER,SELL,398168,249.37,
07-OCT-2026,PARTY-RE,Party Cruisers Ltd,OTHER,SELL,60092,0.35,
07-OCT-2026,PARTY-RE,Party Cruisers Ltd,OTHER,SELL,55610,0.35,
07-OCT-2026,PARTY-RE,Party Cruisers Ltd,OTHER,SELL,35856,0.30,
07-OCT-2026,PARTY-RE,Party Cruisers Ltd,OTHER,SELL,49800,0.35,
07-OCT-2026,PARTY-RE,Party Cruisers Ltd,OTHER,SELL,35856,0.35,
07-OCT-2026,PARTY-RE,Party Cruisers Ltd,OTHER,SELL,49800,0.30,
07-OCT-2026,PARTY-RE,Party Cruisers Ltd,OTHER,SELL,25564,0.35,
07-OCT-2026,PNGSREVA,PNGS Reva Diamond Jewel L,OTHER,SELL,204134,617.19,
07-OCT-2026,PNGSREVA,PNGS Reva Diamond Jewel L,OTHER,SELL,164454,620.78,
07-OCT-2026,PRIORITY,Priority Jewels Limited,OTHER,SELL,119406,327.57,
07-OCT-2026,RATNAVEER,Ratnaveer Precision Eng L,OTHER,SELL,1156571,342.05,
07-OCT-2026,RATNAVEER,Ratnaveer Precision Eng L,OTHER,SELL,800000,340.76,
07-OCT-2026,RENTOMOJO,Rentomojo Limited,OTHER,SELL,745310,610.08,
07-OCT-2026,RENTOMOJO,Rentomojo Limited,OTHER,SELL,938531,610.39,
07-OCT-2026,SHAHINVEST,Shah Investors Home Ltd,OTHER,SELL,165000,167.06,
07-OCT-2026,SHREEJISPG,Shreeji Shipping Global L,OTHER,SELL,1227000,802.50,
07-OCT-2026,SUNSHINE,Sunshine Pictures Limited,OTHER,SELL,157888,452.64,
07-OCT-2026,VALUE360,Value 360 Communication L,OTHER,SELL,91200,73.85,
07-OCT-2026,VEEGALAND,Veegaland Developers Ltd,OTHER,SELL,410226,147.00,
07-OCT-2026,WALCHANNAG,Walchandnagar Ind. Ltd,OTHER,SELL,393388,223.45,
